<?xml version="1.0"?>
<Runs Version="1" Minor="0">
	<Run Id="zed_m00_regslice_0_synth_1" LaunchDir="C:/training/hls/demos/toolDemo_zed_test/SDSoC_lab_design_complete/SDRelease/_sds/p0/ipi/zed.runs/zed_m00_regslice_0_synth_1" FlowId="Vivado_Synthesis" FromStepId="vivado" ToStepId="vivado"/>
	<Run Id="zed_m01_regslice_0_synth_1" LaunchDir="C:/training/hls/demos/toolDemo_zed_test/SDSoC_lab_design_complete/SDRelease/_sds/p0/ipi/zed.runs/zed_m01_regslice_0_synth_1" FlowId="Vivado_Synthesis" FromStepId="vivado" ToStepId="vivado"/>
	<Run Id="zed_m02_regslice_0_synth_1" LaunchDir="C:/training/hls/demos/toolDemo_zed_test/SDSoC_lab_design_complete/SDRelease/_sds/p0/ipi/zed.runs/zed_m02_regslice_0_synth_1" FlowId="Vivado_Synthesis" FromStepId="vivado" ToStepId="vivado"/>
	<Run Id="zed_s00_data_fifo_1_synth_1" LaunchDir="C:/training/hls/demos/toolDemo_zed_test/SDSoC_lab_design_complete/SDRelease/_sds/p0/ipi/zed.runs/zed_s00_data_fifo_1_synth_1" FlowId="Vivado_Synthesis" FromStepId="vivado" ToStepId="vivado"/>
	<Run Id="zed_s01_regslice_0_synth_1" LaunchDir="C:/training/hls/demos/toolDemo_zed_test/SDSoC_lab_design_complete/SDRelease/_sds/p0/ipi/zed.runs/zed_s01_regslice_0_synth_1" FlowId="Vivado_Synthesis" FromStepId="vivado" ToStepId="vivado"/>
	<Run Id="zed_s01_data_fifo_0_synth_1" LaunchDir="C:/training/hls/demos/toolDemo_zed_test/SDSoC_lab_design_complete/SDRelease/_sds/p0/ipi/zed.runs/zed_s01_data_fifo_0_synth_1" FlowId="Vivado_Synthesis" FromStepId="vivado" ToStepId="vivado"/>
	<Run Id="zed_m00_data_fifo_0_synth_1" LaunchDir="C:/training/hls/demos/toolDemo_zed_test/SDSoC_lab_design_complete/SDRelease/_sds/p0/ipi/zed.runs/zed_m00_data_fifo_0_synth_1" FlowId="Vivado_Synthesis" FromStepId="vivado" ToStepId="vivado"/>
	<Run Id="zed_m00_regslice_1_synth_1" LaunchDir="C:/training/hls/demos/toolDemo_zed_test/SDSoC_lab_design_complete/SDRelease/_sds/p0/ipi/zed.runs/zed_m00_regslice_1_synth_1" FlowId="Vivado_Synthesis" FromStepId="vivado" ToStepId="vivado"/>
	<Run Id="zed_s00_regslice_1_synth_1" LaunchDir="C:/training/hls/demos/toolDemo_zed_test/SDSoC_lab_design_complete/SDRelease/_sds/p0/ipi/zed.runs/zed_s00_regslice_1_synth_1" FlowId="Vivado_Synthesis" FromStepId="vivado" ToStepId="vivado"/>
	<Run Id="zed_auto_pc_0_synth_1" LaunchDir="C:/training/hls/demos/toolDemo_zed_test/SDSoC_lab_design_complete/SDRelease/_sds/p0/ipi/zed.runs/zed_auto_pc_0_synth_1" FlowId="Vivado_Synthesis" FromStepId="vivado" ToStepId="vivado"/>
	<Run Id="zed_auto_pc_1_synth_1" LaunchDir="C:/training/hls/demos/toolDemo_zed_test/SDSoC_lab_design_complete/SDRelease/_sds/p0/ipi/zed.runs/zed_auto_pc_1_synth_1" FlowId="Vivado_Synthesis" FromStepId="vivado" ToStepId="vivado"/>
	<Run Id="zed_rgb_2_gray_0_if_0_synth_1" LaunchDir="C:/training/hls/demos/toolDemo_zed_test/SDSoC_lab_design_complete/SDRelease/_sds/p0/ipi/zed.runs/zed_rgb_2_gray_0_if_0_synth_1" FlowId="Vivado_Synthesis" FromStepId="vivado" ToStepId="vivado"/>
	<Run Id="zed_rgb_2_gray_0_0_synth_1" LaunchDir="C:/training/hls/demos/toolDemo_zed_test/SDSoC_lab_design_complete/SDRelease/_sds/p0/ipi/zed.runs/zed_rgb_2_gray_0_0_synth_1" FlowId="Vivado_Synthesis" FromStepId="vivado" ToStepId="vivado"/>
	<Run Id="zed_dm_1_0_synth_1" LaunchDir="C:/training/hls/demos/toolDemo_zed_test/SDSoC_lab_design_complete/SDRelease/_sds/p0/ipi/zed.runs/zed_dm_1_0_synth_1" FlowId="Vivado_Synthesis" FromStepId="vivado" ToStepId="vivado"/>
	<Run Id="zed_dm_0_0_synth_1" LaunchDir="C:/training/hls/demos/toolDemo_zed_test/SDSoC_lab_design_complete/SDRelease/_sds/p0/ipi/zed.runs/zed_dm_0_0_synth_1" FlowId="Vivado_Synthesis" FromStepId="vivado" ToStepId="vivado"/>
	<Run Id="zed_proc_sys_reset_0_3_synth_1" LaunchDir="C:/training/hls/demos/toolDemo_zed_test/SDSoC_lab_design_complete/SDRelease/_sds/p0/ipi/zed.runs/zed_proc_sys_reset_0_3_synth_1" FlowId="Vivado_Synthesis" FromStepId="vivado" ToStepId="vivado"/>
	<Run Id="zed_proc_sys_reset_2_1_synth_1" LaunchDir="C:/training/hls/demos/toolDemo_zed_test/SDSoC_lab_design_complete/SDRelease/_sds/p0/ipi/zed.runs/zed_proc_sys_reset_2_1_synth_1" FlowId="Vivado_Synthesis" FromStepId="vivado" ToStepId="vivado"/>
	<Run Id="zed_xlconcat_0_synth_1" LaunchDir="C:/training/hls/demos/toolDemo_zed_test/SDSoC_lab_design_complete/SDRelease/_sds/p0/ipi/zed.runs/zed_xlconcat_0_synth_1" FlowId="Vivado_Synthesis" FromStepId="vivado" ToStepId="vivado"/>
	<Run Id="zed_ps7_0_synth_1" LaunchDir="C:/training/hls/demos/toolDemo_zed_test/SDSoC_lab_design_complete/SDRelease/_sds/p0/ipi/zed.runs/zed_ps7_0_synth_1" FlowId="Vivado_Synthesis" FromStepId="vivado" ToStepId="vivado"/>
	<Run Id="zed_s00_data_fifo_0_synth_1" LaunchDir="C:/training/hls/demos/toolDemo_zed_test/SDSoC_lab_design_complete/SDRelease/_sds/p0/ipi/zed.runs/zed_s00_data_fifo_0_synth_1" FlowId="Vivado_Synthesis" FromStepId="vivado" ToStepId="vivado"/>
	<Run Id="zed_s00_regslice_0_synth_1" LaunchDir="C:/training/hls/demos/toolDemo_zed_test/SDSoC_lab_design_complete/SDRelease/_sds/p0/ipi/zed.runs/zed_s00_regslice_0_synth_1" FlowId="Vivado_Synthesis" FromStepId="vivado" ToStepId="vivado"/>
	<Run Id="zed_ps7_irq_const_0_synth_1" LaunchDir="C:/training/hls/demos/toolDemo_zed_test/SDSoC_lab_design_complete/SDRelease/_sds/p0/ipi/zed.runs/zed_ps7_irq_const_0_synth_1" FlowId="Vivado_Synthesis" FromStepId="vivado" ToStepId="vivado"/>
	<Run Id="zed_xbar_1_synth_1" LaunchDir="C:/training/hls/demos/toolDemo_zed_test/SDSoC_lab_design_complete/SDRelease/_sds/p0/ipi/zed.runs/zed_xbar_1_synth_1" FlowId="Vivado_Synthesis" FromStepId="vivado" ToStepId="vivado"/>
	<Run Id="zed_xbar_0_synth_1" LaunchDir="C:/training/hls/demos/toolDemo_zed_test/SDSoC_lab_design_complete/SDRelease/_sds/p0/ipi/zed.runs/zed_xbar_0_synth_1" FlowId="Vivado_Synthesis" FromStepId="vivado" ToStepId="vivado"/>
	<Run Id="zed_proc_sys_reset_3_2_synth_1" LaunchDir="C:/training/hls/demos/toolDemo_zed_test/SDSoC_lab_design_complete/SDRelease/_sds/p0/ipi/zed.runs/zed_proc_sys_reset_3_2_synth_1" FlowId="Vivado_Synthesis" FromStepId="vivado" ToStepId="vivado"/>
	<Run Id="zed_proc_sys_reset_1_0_synth_1" LaunchDir="C:/training/hls/demos/toolDemo_zed_test/SDSoC_lab_design_complete/SDRelease/_sds/p0/ipi/zed.runs/zed_proc_sys_reset_1_0_synth_1" FlowId="Vivado_Synthesis" FromStepId="vivado" ToStepId="vivado"/>
	<Run Id="synth_1" LaunchDir="C:/training/hls/demos/toolDemo_zed_test/SDSoC_lab_design_complete/SDRelease/_sds/p0/ipi/zed.runs/synth_1" FlowId="Vivado_Synthesis" FromStepId="vivado" ToStepId="vivado">
		<Parent Id="zed_m00_regslice_0_synth_1"/>
		<Parent Id="zed_m01_regslice_0_synth_1"/>
		<Parent Id="zed_m02_regslice_0_synth_1"/>
		<Parent Id="zed_s00_data_fifo_1_synth_1"/>
		<Parent Id="zed_s01_regslice_0_synth_1"/>
		<Parent Id="zed_s01_data_fifo_0_synth_1"/>
		<Parent Id="zed_m00_data_fifo_0_synth_1"/>
		<Parent Id="zed_m00_regslice_1_synth_1"/>
		<Parent Id="zed_s00_regslice_1_synth_1"/>
		<Parent Id="zed_auto_pc_0_synth_1"/>
		<Parent Id="zed_auto_pc_1_synth_1"/>
		<Parent Id="zed_rgb_2_gray_0_if_0_synth_1"/>
		<Parent Id="zed_rgb_2_gray_0_0_synth_1"/>
		<Parent Id="zed_dm_1_0_synth_1"/>
		<Parent Id="zed_dm_0_0_synth_1"/>
		<Parent Id="zed_proc_sys_reset_0_3_synth_1"/>
		<Parent Id="zed_proc_sys_reset_2_1_synth_1"/>
		<Parent Id="zed_xlconcat_0_synth_1"/>
		<Parent Id="zed_ps7_0_synth_1"/>
		<Parent Id="zed_s00_data_fifo_0_synth_1"/>
		<Parent Id="zed_s00_regslice_0_synth_1"/>
		<Parent Id="zed_ps7_irq_const_0_synth_1"/>
		<Parent Id="zed_xbar_1_synth_1"/>
		<Parent Id="zed_xbar_0_synth_1"/>
		<Parent Id="zed_proc_sys_reset_3_2_synth_1"/>
		<Parent Id="zed_proc_sys_reset_1_0_synth_1"/>
	</Run>
</Runs>

