<?xml version="1.0" encoding="UTF-8"?>
<xd:repository xmlns:xd="http://www.xilinx.com/xd" xd:vendor="xilinx.com" xd:library="ip" xd:name="Trace_Monitor_AXI_Master" xd:version="1.0">
    <xd:component xd:vendor="xilinx.com" xd:library="ip" xd:name="Trace_Monitor_AXI_Master" xd:version="1.0">
        <xd:busInterface xd:name="m_axi" xd:busTypeRef="aximm" xd:mode="slave" xd:clockRef="m_axi_clk" xd:resetRef="resetn"/>
        <xd:busInterface xd:name="s_axi" xd:busTypeRef="aximm" xd:mode="slave" xd:clockRef="s_axi_clk" xd:resetRef="resetn"/>
        <xd:busInterface xd:name="resetn" xd:busTypeRef="reset" xd:mode="slave" xd:direction="in" xd:clockPort="trace_clk" xd:library="signal" xd:port="resetn"/>
        <xd:busInterface xd:name="m_axi_clk" xd:busTypeRef="clock" xd:mode="slave" xd:direction="in" xd:library="signal" xd:port="m_axi_clk"/>
        <xd:busInterface xd:name="s_axi_clk" xd:busTypeRef="clock" xd:mode="slave" xd:direction="in" xd:library="signal" xd:port="s_axi_clk"/>
        <xd:busInterface xd:name="trace_clk" xd:busTypeRef="clock" xd:mode="slave" xd:direction="in" xd:library="signal" xd:port="trace_clk"/>
        <xd:busInterface xd:name="Trace_write" xd:busTypeRef="sdsoc_trace" xd:mode="master"/>
        <xd:busInterface xd:name="Trace_read" xd:busTypeRef="sdsoc_trace" xd:mode="master"/>
    </xd:component>
</xd:repository>
