<?xml version="1.0"?>
<cf:model cf:name="top" xd:type="design" xmlns:xd="http://www.xilinx.com/xd" xmlns:cf="http://www.xilinx.com/connections">
  <xd:device xd:BRAM="140" xd:DSP="220" xd:FF="106400" xd:LUTs="53200"/>
  <xd:comp xd:name="dm_0" xd:componentRef="axi_dma" xd:BRAM="0" xd:DSP="0" xd:FF="0" xd:LUTs="0"/>
  <xd:comp xd:name="dm_1" xd:componentRef="axi_dma" xd:BRAM="0" xd:DSP="0" xd:FF="0" xd:LUTs="0"/>
  <xd:comp xd:name="zc702" xd:componentRef="zc702" xd:BRAM="0" xd:DSP="0" xd:FF="0" xd:LUTs="0"/>
  <xd:comp xd:name="rgb_2_gray_0" xd:componentRef="rgb_2_gray" xd:BRAM="0" xd:DSP="3" xd:FF="96" xd:LUTs="57"/>
  <xd:comp xd:name="rgb_2_gray_0_if" xd:componentRef="rgb_2_gray_if" xd:BRAM="0" xd:DSP="0" xd:FF="0" xd:LUTs="0"/>
  <xd:comp xd:name="axi_ic_ps7_M_AXI_GP0" xd:componentRef="axi_interconnect" xd:BRAM="0" xd:DSP="0" xd:FF="0" xd:LUTs="0"/>
  <xd:comp xd:name="axi_ic_ps7_S_AXI_HP0" xd:componentRef="axi_interconnect" xd:BRAM="0" xd:DSP="0" xd:FF="0" xd:LUTs="0"/>
  <xd:comp xd:name="ps7_irq_const" xd:componentRef="xlconstant" xd:BRAM="-1" xd:DSP="-1" xd:FF="-1" xd:LUTs="-1"/>
</cf:model>
