<?xml version="1.0"?>
<cf:model cf:partition="0" cf:prefix="_p0_" cf:name="top" xd:type="design" xmlns:xd="http://www.xilinx.com/xd" xmlns:cf="http://www.xilinx.com/connections">
  <cf:block cf:name="hwblk_rgb_2_gray">
    <cf:port cf:name="cmd_rgb_2_gray" cf:portType="stream" cf:direction="in"/>
    <cf:port cf:name="color" cf:portType="stream" cf:direction="in"/>
    <cf:port cf:name="gray" cf:portType="stream" cf:direction="out"/>
  </cf:block>
  <cf:block cf:name="swblk_rgb_2_gray">
    <cf:port cf:name="cmd_rgb_2_gray" cf:portType="stream" cf:direction="out"/>
    <cf:port cf:name="color" cf:portType="stream" cf:direction="out"/>
    <cf:port cf:name="gray" cf:portType="stream" cf:direction="in"/>
  </cf:block>
  <cf:comp cf:name="dm_0" xd:componentRef="axi_dma" xd:clockId="1"/>
  <cf:comp cf:name="dm_1" xd:componentRef="axi_dma" xd:clockId="1"/>
  <cf:comp cf:name="zed" xd:componentRef="zed" xd:clockId="1"/>
  <cf:comp cf:name="rgb_2_gray_0" xd:componentRef="rgb_2_gray" xd:clockId="1"/>
  <cf:instance cf:name="hwinst_rgb_2_gray_0" cf:blockName="hwblk_rgb_2_gray" cf:compName="rgb_2_gray_0">
    <cf:portMap cf:blockPort="cmd_rgb_2_gray" cf:compPort="ap_ctrl" xd:register="0x28"/>
    <cf:portMap cf:blockPort="color" cf:compPort="color"/>
    <cf:portMap cf:blockPort="gray" cf:compPort="gray"/>
  </cf:instance>
  <cf:instance cf:name="swinst_rgb_2_gray_0" cf:blockName="swblk_rgb_2_gray" cf:compName="zed">
    <cf:portMap cf:blockPort="cmd_rgb_2_gray" cf:compPort="ps7_M_AXI_GP0"/>
    <cf:portMap cf:blockPort="color" cf:compPort="ps7_S_AXI_HP0"/>
    <cf:portMap cf:blockPort="gray" cf:compPort="ps7_S_AXI_HP0"/>
  </cf:instance>
  <cf:connection cf:srcInst="swinst_rgb_2_gray_0" cf:srcPort="cmd_rgb_2_gray" cf:dstInst="hwinst_rgb_2_gray_0" cf:dstPort="cmd_rgb_2_gray">
    <cf:dataMover cf:compName="zed" cf:softwareLib="axi_lite"/>
  </cf:connection>
  <cf:connection cf:srcInst="swinst_rgb_2_gray_0" cf:srcPort="color" cf:dstInst="hwinst_rgb_2_gray_0" cf:dstPort="color">
    <cf:dataMover cf:compName="dm_0" cf:softwareLib="axi_dma_simple"/>
  </cf:connection>
  <cf:connection cf:srcInst="hwinst_rgb_2_gray_0" cf:srcPort="gray" cf:dstInst="swinst_rgb_2_gray_0" cf:dstPort="gray">
    <cf:dataMover cf:compName="dm_1" cf:softwareLib="axi_dma_simple"/>
  </cf:connection>
</cf:model>
